run_label,model,seq_len,best_dev_f1,test_accuracy,macro_f1,weighted_f1
CNN-seq64,cnn,64,0.902499370167203,0.9061,0.9059,0.9059
CNN-seq128,cnn,128,0.9061254354723967,0.9049,0.9047,0.9047
CNN-seq256,cnn,256,0.9083734799864451,0.9079,0.9078,0.9078
LSTM-seq64,lstm,64,0.898624643119764,0.8962,0.8958,0.8958
LSTM-seq128,lstm,128,0.9026266904088057,0.8978,0.898,0.898
LSTM-seq256,lstm,256,0.908158086838334,0.9071,0.9072,0.9072
